{ 
  "WIDTH": 651, 
  "HEIGHT": 354, 
  "dx": 0.07500000, 
  "dy": 0.07500000, 
  "Courant_num": 0.15000000, 
  "NLSW_or_Bous": 1, 
  "base_depth": 1.00000000, 
  "g": 9.81000000, 
  "Theta": 2.00000000, 
  "friction": 0.00100000, 
  "isManning": 0, 
  "dissipation_threshold": 0.30000000, 
  "whiteWaterDecayRate": 0.90000000, 
  "timeScheme": 2, 
  "seaLevel": 0.00000000, 
  "Bcoef": 0.06666667, 
  "tridiag_solve": 2, 
  "west_boundary_type": 2, 
  "east_boundary_type": 0, 
  "south_boundary_type": 0, 
  "north_boundary_type": 0, 
  "significant_wave_height": 0.50000000
} 
