{ 
  "WIDTH": 1501, 
  "HEIGHT": 1501, 
  "dx": 20.00000000, 
  "dy": 20.00000000, 
  "Courant_num": 0.20000000, 
  "NLSW_or_Bous": 0, 
  "base_depth": 856.08040000, 
  "g": 9.81000000, 
  "Theta": 2.00000000, 
  "friction": 0.00200000, 
  "isManning": 0, 
  "dissipation_threshold": 0.30000000, 
  "whiteWaterDecayRate": 0.10000000, 
  "timeScheme": 2, 
  "seaLevel": 0.00000000, 
  "Bcoef": 0.06666667, 
  "tridiag_solve": 2, 
  "west_boundary_type": 0, 
  "east_boundary_type": 0, 
  "south_boundary_type": 2, 
  "north_boundary_type": 0, 
  "significant_wave_height": 4.00000000, 
  "lat_LL": 0.00000000, 
  "lon_LL": 0.00000000, 
  "lat_UR": 0.00000000, 
  "lon_UR": 0.00000000, 
  "GoogleMapOverlay": 0.00000000 
} 
