{ 
  "WIDTH": 1257, 
  "HEIGHT": 580, 
  "dx": 5.00000000, 
  "dy": 5.00000000, 
  "Courant_num": 0.20000000, 
  "NLSW_or_Bous": 1, 
  "base_depth": 12.00000000, 
  "g": 9.81000000, 
  "Theta": 2.00000000, 
  "friction": 0.00200000, 
  "isManning": 0, 
  "dissipation_threshold": 0.30000000, 
  "whiteWaterDecayRate": 0.10000000, 
  "timeScheme": 2, 
  "seaLevel": 0.00000000, 
  "Bcoef": 0.06666667, 
  "tridiag_solve": 2, 
  "west_boundary_type": 2, 
  "east_boundary_type": 0, 
  "south_boundary_type": 2, 
  "north_boundary_type": 1, 
  "significant_wave_height": 2.00000000, 
  "lat_LL": 41.72437685, 
  "lon_LL": -124.21932915, 
  "lat_UR": 41.75421595, 
  "lon_UR": -124.15461425, 
  "GoogleMapOverlay": 1.00000000 
} 
